[
  {
    "label": "Gmail - Akif",
    "email": "musebbihane@gmail.com",
    "password": "uygulama_sifresi",
    "enabled": true,
    "auth_overrides": {
      "base_url": "https://panel.amrdanismanlik.com",
      "login_path": "/account/login",
      "logout_path": "/account/logout",
      "success_path_contains": "/dashboard",
      "csrf_field_name": null
    }
  },
  {
    "label": "Kurumsal",
    "email": "destek@ornek.com",
    "password": "sifre",
    "enabled": true,
    "auth_overrides": {}
  }
]